{
    "SARSA": {
        "mean": -100.7623,
        "std": 2.4911500777753233
    },
    "Q-Learning": {
        "mean": -129.191,
        "std": 26.834316071031136
    }
}